﻿pos_x,pos_y,rotation,side,designator,mpn,pack,footprint,value,mount_type
59.4,-147.3,-90.0,top,AE1,,,ANT-SMD_L3.2-W1.6,2450AT18A100E,smt
92.85,-155.2,90.0,top,C1,,,C_0402_1005Metric,100nF,smt
82.4,-136.97,90.0,top,C10,,,C_0402_1005Metric,100nF,smt
70.22,-133.15,180.0,top,C11,,,C_0402_1005Metric,100nF,smt
70.22,-134.2,180.0,top,C12,,,C_0402_1005Metric,1uF,smt
68.05,-139.08,90.0,top,C13,,,C_0402_1005Metric,4.7uF,smt
69.1,-138.67,90.0,top,C14,,,C_0402_1005Metric,100nF,smt
68.05,-136.97,90.0,top,C15,,,C_0402_1005Metric,4.7uF,smt
79.95,-144.07,-90.0,top,C2,,,C_0402_1005Metric,100nF,smt
82.73,-138.85,0.0,top,C20,,,C_0402_1005Metric,0.8pF,smt
82.73,-143.65,0.0,top,C21,,,C_0402_1005Metric,0.3pF,smt
76.82,-131.85,180.0,top,C22,,,C_0402_1005Metric,1uF,smt
78.88,-131.85,0.0,top,C23,,,C_0402_1005Metric,1uF,smt
83.98,-131.85,0.0,top,C24,,,C_0402_1005Metric,1uF,smt
82.02,-131.85,180.0,top,C25,,,C_0402_1005Metric,1uF,smt
84.5,-117.74,0.0,top,C26,,,C_0402_1005Metric,1nF,smt
84.5,-118.74,0.0,top,C27,,,C_0402_1005Metric,7.2nF,smt
84.5,-120.74,0.0,top,C28,,,C_0402_1005Metric,470pF,smt
81.85,-122.24,90.0,top,C29,,,C_0402_1005Metric,120pF,smt
69.1,-140.63,-90.0,top,C3,,,C_0402_1005Metric,100nF,smt
80.8,-120.24,-90.0,top,C30,,,C_0402_1005Metric,120pF,smt
80.45,-129.8,-90.0,top,C31,,,C_0402_1005Metric,10uF,smt
82.9,-118.24,90.0,top,C32,,,C_0402_1005Metric,120pF,smt
80.8,-118.24,90.0,top,C33,,,C_0402_1005Metric,120pF,smt
65.65,-118.45,90.0,top,C34,,,C_0402_1005Metric,560pF,smt
67.75,-118.47,90.0,top,C35,,,C_0402_1005Metric,120pF,smt
68.8,-118.47,90.0,top,C36,,,C_0402_1005Metric,120pF,smt
70.825,-115.8,0.0,top,C37,,,C_0603_1608Metric,1uF,smt
74.45,-125.6,180.0,top,C38,,,C_0603_1608Metric,1uF,smt
68.8,-120.43,90.0,top,C39,,,C_0402_1005Metric,33pF,smt
75.62,-133.3,0.0,top,C4,,,C_0402_1005Metric,100nF,smt
73.925,-116.85,180.0,top,C40,,,C_0603_1608Metric,100nF,smt
74.45,-124.05,180.0,top,C41,,,C_0603_1608Metric,100nF,smt
69.85,-122.4,90.0,top,C42,,,C_0402_1005Metric,220pF,smt
63.25,-116.15,90.0,top,C43,,,C_0402_1005Metric,470pF,smt
85.65,-163.73,90.0,top,C44,,,C_0402_1005Metric,10uF,smt
89.9,-164.305,90.0,top,C45,,,C_0402_1005Metric,22uF,smt
67.55,-104.38,-90.0,top,C48,,,C_0402_1005Metric,100nF,smt
67.55,-102.5,-90.0,top,C49,,,C_0402_1005Metric,100nF,smt
69.75,-145.7,-90.0,top,C5,,,C_0402_1005Metric,4.7pF,smt
92.24,-144.2,180.0,top,C50,,,C_0402_1005Metric,100nF,smt
94.15,-144.2,180.0,top,C51,,,C_0402_1005Metric,100nF,smt
91.98,-124.75,180.0,top,C52,,,C_0402_1005Metric,100nF,smt
93.88,-124.75,180.0,top,C53,,,C_0402_1005Metric,100nF,smt
78.22,-144.55,180.0,top,C54,,,C_0402_1005Metric,72nF,smt
85.33,-160.5,0.0,top,C55,,,C_0402_1005Metric,10uF,smt
85.8,-159.03,-90.0,top,C56,,,C_0402_1005Metric,1uF,smt
83.6,-161.0,-90.0,top,C57,,,C_0402_1005Metric,4.7uF,smt
82.5,-160.98,90.0,top,C58,,,C_0402_1005Metric,47uF,smt
79.25,-159.35,90.0,top,C59,,,C_0402_1005Metric,10uF,smt
72.6,-145.55,-90.0,top,C6,,,C_0402_1005Metric,100nF,smt
78.25,-159.35,90.0,top,C60,,,C_0402_1005Metric,10uF,smt
79.3,-155.45,90.0,top,C61,,,C_0402_1005Metric,10uF,smt
78.25,-155.45,90.0,top,C62,,,C_0402_1005Metric,10uF,smt
74.15,-157.45,90.0,top,C63,,,C_0402_1005Metric,2.2uF,smt
73.1,-157.45,90.0,top,C64,,,C_0402_1005Metric,470nF,smt
74.9,-155.47,90.0,top,C65,,,C_0402_1005Metric,1uF,smt
75.38,-153.7,180.0,top,C66,,,C_0402_1005Metric,1uF,smt
83.675,-163.63,180.0,top,C67,,,C_0402_1005Metric,2.2uF,smt
82.425,-167.48,0.0,top,C68,,,C_0402_1005Metric,2.2uF,smt
80.475,-168.98,-90.0,top,C69,,,C_0402_1005Metric,4.7uF,smt
81.35,-134.85,90.0,top,C7,,,C_0402_1005Metric,1uF,smt
81.475,-168.98,-90.0,top,C70,,,C_0402_1005Metric,10uF,smt
87.525,-168.23,90.0,top,C71,,,C_0402_1005Metric,10uF,smt
77.656722,-112.091774,180.0,top,C72,,,C_0402_1005Metric,120pF,smt
84.536722,-114.171774,90.0,top,C73,,,C_0402_1005Metric,72nF,smt
79.546722,-112.091774,180.0,top,C74,,,C_0402_1005Metric,100nF,smt
79.536722,-111.091774,180.0,top,C75,,,C_0402_1005Metric,1uF,smt
82.4,-134.87,90.0,top,C8,,,C_0402_1005Metric,10nF,smt
81.35,-136.97,90.0,top,C9,,,C_0402_1005Metric,1uF,smt
90.1,-150.0,180.0,top,D1,,,D_SOD-523,1N4148WT,smt
67.25,-121.15,-90.0,top,D10,,,D_SOD-323F,BAT54J,smt
60.15,-115.05,0.0,top,D11,,,D_SOD-323F,BAT54J,smt
78.336722,-114.141774,0.0,top,D12,,,SOT-323_SC-70,BAT54SW,smt
94.3,-155.2,-90.0,top,D3,,,D_SOD-323_TVS,PESD15VL1BA,smt
68.25,-145.0,90.0,top,D4,,,D_SOD-323_TVS,PESD15VL1BA,smt
76.85,-129.7,90.0,top,D5,,,D_SOD-323F,BAT54J,smt
84.0,-129.7,90.0,top,D6,,,D_SOD-323F,BAT54J,smt
78.85,-129.7,90.0,top,D7,,,D_SOD-323F,BAT54J,smt
82.0,-129.7,90.0,top,D8,,,D_SOD-323F,BAT54J,smt
65.2,-121.15,90.0,top,D9,,,D_SOD-323F,BAT54J,smt
77.0125,-116.85,0.0,top,FB1,,,L_0603_1608Metric,100R,smt
72.15,-127.1875,90.0,top,FB2,,,L_0603_1608Metric,100R,smt
75.1,-131.2125,90.0,top,FB3,,,L_0603_1608Metric,100R,smt
83.75,-134.3125,90.0,top,FB4,,,L_0603_1608Metric,100R,smt
82.199222,-111.591774,0.0,top,FB5,,,L_0603_1608Metric,100R,smt
73.15,-133.01,-90.0,top,FL2,,,FILTER-SMD_6P-L1.6-W1.0-P0.50-BL,MLPF-WB55-01E3,smt
70.9,-96.875,180.0,top,J2,,,Hirose_FH12-26S-0.5SH_1x26-1MP_P0.50mm_Horizontal,Conn_01x26_MountingPin,smt
98.35,-111.52,90.0,top,J3,,,Hirose_FH12-26S-0.5SH_1x26-1MP_P0.50mm_Horizontal,Conn_01x26_MountingPin,smt
98.35,-142.925,90.0,top,J4,,,Hirose_FH12-26S-0.5SH_1x26-1MP_P0.50mm_Horizontal,Conn_01x26_MountingPin,smt
75.95,-165.2175,180.0,top,J5,,,JST_EH_S3B-EH_1x03_P2.50mm_Horizontal,Conn_01x03,tht
66.6,-138.2375,90.0,top,L1,,,L_0603_1608Metric,10uH,smt
80.2125,-161.45,180.0,top,L4,,,L_0603_1608Metric,1uH,smt
81.175,-165.28,180.0,top,L5,,,L_0603_1608Metric,470nH,smt
83.525,-168.78,0.0,top,L6,,,L_0603_1608Metric,470nH,smt
85.836722,-114.129274,90.0,top,L7,,,L_0603_1608Metric,60R / Short,smt
91.61,-159.73,-90.0,top,L8,,,FILTER-SMD_4P-L0.9-W0.7-P0.50-BL,EXC14CE900U,smt
87.675,-163.68,0.0,top,L9,,,L_Murata_DFE201610P,470nH,smt
81.45,-125.34,180.0,top,Q1,,,SOT-23,AO3400A,smt
65.9,-115.55,0.0,top,Q2,,,SOT-23,AO3400A,smt
68.8625,-125.15,0.0,top,Q3,,,SOT-23,AO3400A,smt
82.85,-150.85,180.0,top,Q4,,,SOT-523-3_L1.6-W0.8-P1.00-LS1.6-BR,~,smt
89.64,-152.4,180.0,top,Q5,,,SOT-363_L2.0-W1.3-P0.65-LS2.1-BL,~,smt
89.59,-156.01,90.0,top,Q6,,,SOT-23-3_L2.9-W1.3-P1.90-LS2.4-BR,~,smt
93.9,-161.3825,180.0,top,R1,,,R_0402_1005Metric,5.1K,smt
68.87,-148.42,180.0,top,R10,,,R_0402_1005Metric,10K,smt
98.0,-169.25,90.0,top,R11,,,R_0402_1005Metric,10K,smt
82.9,-120.24,-90.0,top,R12,,,R_0402_1005Metric,1K,smt
84.54,-119.74,0.0,top,R13,,,R_0402_1005Metric,400,smt
77.6,-124.85,0.0,top,R14,,,R_0402_1005Metric,1k,smt
82.9,-122.24,90.0,top,R15,,,R_0402_1005Metric,10k,smt
79.75,-120.24,-90.0,top,R16,,,R_0402_1005Metric,1K,smt
79.75,-122.24,-90.0,top,R17,,,R_0402_1005Metric,12K,smt
77.6,-123.8,0.0,top,R18,,,R_0402_1005Metric,0,smt
80.8,-122.24,-90.0,top,R19,,,R_0402_1005Metric,12K,smt
93.9,-157.9825,180.0,top,R2,,,R_0402_1005Metric,5.1K,smt
81.85,-120.24,90.0,top,R20,,,R_0402_1005Metric,560,smt
79.75,-118.24,90.0,top,R21,,,R_0402_1005Metric,10k,smt
81.85,-118.24,90.0,top,R22,,,R_0402_1005Metric,12K,smt
62.8,-114.6,0.0,top,R23,,,R_0402_1005Metric,1k,smt
71.39,-117.1,180.0,top,R24,,,R_0402_1005Metric,200,smt
69.85,-120.45,90.0,top,R25,,,R_0402_1005Metric,10k,smt
69.85,-118.46,90.0,top,R26,,,R_0402_1005Metric,12K,smt
66.7,-118.45,-90.0,top,R27,,,R_0402_1005Metric,100,smt
68.8,-122.41,90.0,top,R28,,,R_0402_1005Metric,15k,smt
65.85,-125.2,0.0,top,R29,,,R_0402_1005Metric,10k,smt
65.85,-124.15,180.0,top,R30,,,R_0402_1005Metric,100,smt
86.25,-157.06,-90.0,top,R31,,,R_0402_1005Metric,1.5K,smt
86.25,-155.06,90.0,top,R32,,,R_0402_1005Metric,1.5K,smt
85.76,-153.55,0.0,top,R33,,,R_0402_1005Metric,4.7K,smt
84.05,-152.5,0.0,top,R34,,,R_0402_1005Metric,10K,smt
85.055,-150.35,0.0,top,R35,,,R_0402_1005Metric,100,smt
80.8,-150.85,90.0,top,R36,,,R_0402_1005Metric,10K,smt
82.2,-153.14,-90.0,top,R37,,,R_0402_1005Metric,470,smt
81.15,-153.14,-90.0,top,R38,,,R_0402_1005Metric,30.1K,smt
79.55,-153.6,0.0,top,R39,,,R_0402_1005Metric,5.23K,smt
76.75,-160.1,-90.0,top,R40,,,R_0402_1005Metric,10K,smt
78.74,-157.0,180.0,top,R41,,,R_0402_1005Metric,10K,smt
76.65,-156.0,0.0,top,R42,,,R_0402_1005Metric,10m,smt
71.79,-162.25,180.0,top,R43,,,R_0402_1005Metric,DNP,smt
79.875,-167.03,90.0,top,R44,,,R_0402_1005Metric,1.5,smt
80.925,-167.03,90.0,top,R45,,,R_0402_1005Metric,1.5,smt
86.025,-169.28,180.0,top,R46,,,R_0402_1005Metric,3.3,smt
86.025,-168.23,180.0,top,R47,,,R_0402_1005Metric,3.3,smt
87.79,-151.91,-90.0,top,R48,,,R_0402_1005Metric,100K,smt
92.09,-153.4,0.0,top,R49,,,R_0402_1005Metric,100K,smt
75.596722,-113.491774,0.0,top,R50,,,R_0402_1005Metric,10k,smt
75.596722,-114.791774,0.0,top,R51,,,R_0402_1005Metric,400,smt
67.24,-162.55,180.0,top,R9,,,R_0402_1005Metric,10K,smt
62.8,-165.25,180.0,top,SW1,,,SW_SPST_CK_RS282G05A3,SW_Push,smt
68.3,-154.0,-90.0,top,SW2,,,SW_SPST_CK_RS282G05A3,SW_Push,smt
100.88,-168.71,90.0,top,SW3,,,KEY-SMD_SKRTLAE010,SKRTLAE010,smt
74.9,-139.05,180.0,top,U1,,,QFN-68-1EP_8x8mm_P0.4mm_EP6.4x6.4mm,STM32WB55RGV6TR,smt
90.05,-139.75,90.0,top,U10,,,TSSOP-16_4.4x5mm_P0.65mm,74HC4051,smt
63.19375,-106.25,180.0,top,U11,,,TSSOP-16_4.4x5mm_P0.65mm,74HC4051,smt
71.9,-106.25,180.0,top,U12,,,TSSOP-16_4.4x5mm_P0.65mm,74HC4051,smt
82.15,-114.15,0.0,top,U13,,,SC-70-5_L2.1-W1.3-P0.65-LS2.1-TL,SN74LV1T125DCKR,smt
93.96,-159.68,180.0,top,U14,,,SOT-666,USBLC6-2P6,smt
88.1,-165.58,180.0,top,U15,,,WLCSP-9_L1.2-W1.2-R3-C3-P0.40-BL,FAN48610BUC50X,smt
82.815,-157.05,180.0,top,U2,,,QFN-24_L4.0-W4.0-P0.50-TL-EP2.7,~,smt
77.0,-152.36,90.0,top,U3,,,SOT-23-3_L2.9-W1.6-P1.90-LS2.8-BR,~,smt
76.2375,-157.7,90.0,top,U4,,,DSBGA-9_L1.7-W1.6-R3-C3-P0.50-BL,~,smt
83.675,-165.23,90.0,top,U5,,,DSBGA-6_L1.4-W1.1-R3-C2-P0.40-BL,~,smt
74.7,-120.45,180.0,top,U6,,,TSSOP-14_4.4x5mm_P0.65mm,COS8054TR,smt
80.6125,-106.25,180.0,top,U7,,,TSSOP-16_4.4x5mm_P0.65mm,74HC4051,smt
90.05,-111.3125,90.0,top,U8,,,TSSOP-16_4.4x5mm_P0.65mm,74HC4051,smt
90.05,-120.2,90.0,top,U9,,,TSSOP-16_4.4x5mm_P0.65mm,74HC4051,smt
98.98,-159.85,90.0,top,USB1,,,USB-C-SMD_TYPE-C-6PIN-2MD-073,TYPE-C 16PIN 2MD(073),smt
67.95,-134.5,-90.0,top,X1,,,CRYSTAL-SMD_4P-L2.0-W1.6-BL,XL7EL89CKI-111YLC-32M,smt
82.25,-141.21,-90.0,top,X2,,,FC-12M_L2.0-W1.2,FC-12M32.768KHZ7PF20PPM,smt
