﻿Designator,Quantity,Value,Footprint,Package,MPN,DNP,Mount_Type,LCSC Part,Description,Sim.Device,Sim.Pins,Manufacturer Part,Manufacturer,Supplier Part,Supplier,LCSC Part Name,Sim.Library,Sim.Name
AE1,1,2450AT18A100E,ANT-SMD_L3.2-W1.6,,,,smt,C89334,,,,,,,,,,
"C1, C10, C11, C14, C2, C3, C4, C48, C49, C50, C51, C52, C53, C6, C74",15,100nF,C_0402_1005Metric,,,,smt,,"[C1,C10,C11,C14,C2,C3,C4,C6]Unpolarized capacitor; [C74]Unpolarized capacitor, small symbol",,,,,,,,,
"C12, C22, C23, C24, C25, C56, C65, C66, C7, C75, C9",11,1uF,C_0402_1005Metric,,,,smt,,"[C9]Unpolarized capacitor; [C75]Unpolarized capacitor, small symbol",,,,,,,,,
"C13, C15, C57, C69",4,4.7uF,C_0402_1005Metric,,,,smt,,Unpolarized capacitor,,,,,,,,,
C20,1,0.8pF,C_0402_1005Metric,,,,smt,,Unpolarized capacitor,,,,,,,,,
C21,1,0.3pF,C_0402_1005Metric,,,,smt,,Unpolarized capacitor,,,,,,,,,
C26,1,1nF,C_0402_1005Metric,,,,smt,,,,,,,,,,,
C27,1,7.2nF,C_0402_1005Metric,,,,smt,,,,,,,,,,,
"C28, C43",2,470pF,C_0402_1005Metric,,,,smt,,,,,,,,,,,
"C29, C30, C32, C33, C35, C36, C72",7,120pF,C_0402_1005Metric,,,,smt,,"Unpolarized capacitor, small symbol",,,,,,,,,
"C31, C44, C55, C59, C60, C61, C62, C70, C71",9,10uF,C_0402_1005Metric,,,,smt,,Unpolarized capacitor,,,,,,,,,
C34,1,560pF,C_0402_1005Metric,,,Yes,smt,,,,,,,,,,,
"C37, C38",2,1uF,C_0603_1608Metric,,,,smt,,,,,,,,,,,
C39,1,33pF,C_0402_1005Metric,,,Yes,smt,,,,,,,,,,,
"C40, C41",2,100nF,C_0603_1608Metric,,,,smt,,,,,,,,,,,
C42,1,220pF,C_0402_1005Metric,,,,smt,,,,,,,,,,,
C45,1,22uF,C_0402_1005Metric,,,,smt,,Unpolarized capacitor,,,,,,,,,
C5,1,4.7pF,C_0402_1005Metric,,,,smt,,Unpolarized capacitor,,,,,,,,,
"C54, C73",2,72nF,C_0402_1005Metric,,,,smt,,"Unpolarized capacitor, small symbol",,,,,,,,,
C58,1,47uF,C_0402_1005Metric,,,,smt,,Unpolarized capacitor,,,,,,,,,
"C63, C67, C68",3,2.2uF,C_0402_1005Metric,,,,smt,,Unpolarized capacitor,,,,,,,,,
C64,1,470nF,C_0402_1005Metric,,,,smt,,Unpolarized capacitor,,,,,,,,,
C8,1,10nF,C_0402_1005Metric,,,,smt,,Unpolarized capacitor,,,,,,,,,
D1,1,1N4148WT,D_SOD-523,,,,smt,,"75V 0.15A Fast switching Diode, SOD-523",D,1=K 2=A,,,,,,,
"D10, D11, D5, D6, D7, D8, D9",7,BAT54J,D_SOD-323F,,,,smt,,,,,,,,,,,
D12,1,BAT54SW,SOT-323_SC-70,,,,smt,,"Vr 30V, If 200mA, Dual schottky barrier diode, in series, SOT-323",,,,,,,,,
"D3, D4",2,PESD15VL1BA,D_SOD-323_TVS,,,,smt,,"SOD-323 Bidirectional TVS Diode, 15V, 200W, Alternate KiCAD Library",,,,,,,,,
"FB1, FB2, FB3, FB4, FB5",5,100R,L_0603_1608Metric,,,,smt,,"Ferrite bead, small symbol",,,,,,,,,
FL2,1,MLPF-WB55-01E3,FILTER-SMD_6P-L1.6-W1.0-P0.50-BL,,,,smt,C2651048,,,,,,,,,,
"J2, J3, J4",3,Conn_01x26_MountingPin,Hirose_FH12-26S-0.5SH_1x26-1MP_P0.50mm_Horizontal,,,,smt,,"Generic connectable mounting pin connector, single row, 01x26, script generated (kicad-library-utils/schlib/autogen/connector/)",,,,,,,,,
J5,1,Conn_01x03,JST_EH_S3B-EH_1x03_P2.50mm_Horizontal,,,,tht,,"Generic connector, single row, 01x03, script generated (kicad-library-utils/schlib/autogen/connector/)",,,,,,,,,
JP1,1,~,SolderJumper-2_P1.3mm_Bridged_RoundedPad1.0x1.5mm,,,,tht,,,,,,,,,,,
L1,1,10uH,L_0603_1608Metric,,,,smt,,Inductor,,,,,,,,,
L4,1,1uH,L_0603_1608Metric,,,,smt,,Inductor,,,,,,,,,
"L5, L6",2,470nH,L_0603_1608Metric,,,,smt,,Inductor,,,,,,,,,
L7,1,60R / Short,L_0603_1608Metric,,,,smt,,"Inductor with ferrite core, small symbol",,,,,,,,,
L8,1,EXC14CE900U,FILTER-SMD_4P-L0.9-W0.7-P0.50-BL,,,,smt,C178761,,,,,,,,,,
L9,1,470nH,L_Murata_DFE201610P,,,,smt,,Inductor,,,,,,,,,
Q1,1,AO3400A,SOT-23,,,Yes,smt,,,,,,,,,,,
Q2,1,AO3400A,SOT-23,,,Yes,smt,,,,,,,,,,,
Q3,1,AO3400A,SOT-23,,,,smt,,,,,,,,,,,
Q4,1,~,SOT-523-3_L1.6-W0.8-P1.00-LS1.6-BR,,,,smt,,"Type:1 N-Channel Drain Source Voltage (Vdss): Continuous Drain Current (Id): Drain Source On Resistance (RDS(on)@Vgs,Id):3.2Ω@2.5V,1mA Power Dissipation (Pd):0.28W Gate Threshold Voltage (Vgs(th)@Id):1.5V@250uA Total Gate Charge (Qg@Vgs):0.5nC Input Capac",,,DMN313DLT-7,DIODES(美台),C155524,LCSC,1个N沟道 耐压:30V 电流:270mA,,
Q5,1,~,SOT-363_L2.0-W1.3-P0.65-LS2.1-BL,,,,smt,,"Transistor Type:PNP Collector Current (Ic): Collector-Emitter Breakdown Voltage (Vceo): Power Dissipation (Pd): DC Current Gain (hFE@Ic,Vce):100@10mA,10V DC Current Gain (hFE@Ic,Vce):100@10mA,10V Transition Frequency (fT):200MHz Collector Cut-Off Current",,,MMDT2907A-7-F,DIODES(美台),C460232,LCSC,PNP 电流:600mA 耐压:60V,,
Q6,1,~,SOT-23-3_L2.9-W1.3-P1.90-LS2.4-BR,,,,smt,,"Type:1 Piece P-Channel Drain Source Voltage (Vdss): Continuous Drain Current (Id): Drain Source On Resistance (RDS(on)@Vgs,Id):31mΩ@4.5V,4A Power Dissipation (Pd): Gate Threshold Voltage (Vgs(th)@Id):1V@250uA Total Gate Charge (Qg@Vgs):15.8nC@4.5V Input C",,,DMP1045U-7,DIODES(美台),C177033,LCSC,1个P沟道 耐压:12V 电流:4A,,
"R1, R2",2,5.1K,R_0402_1005Metric,,,,smt,,Resistor,,,,,,,,,
"R10, R11, R34, R36, R40, R41, R9",7,10K,R_0402_1005Metric,,,,smt,,Resistor,,,,,,,,,
R12,1,1K,R_0402_1005Metric,,,Yes,smt,,,,,,,,,,,
"R13, R51",2,400,R_0402_1005Metric,,,,smt,,"Resistor, small US symbol",,,,,,,,,
R14,1,1k,R_0402_1005Metric,,,Yes,smt,,,,,,,,,,,
"R15, R21, R25, R29, R50",5,10k,R_0402_1005Metric,,,,smt,,"Resistor, small US symbol",,,,,,,,,
R16,1,1K,R_0402_1005Metric,,,Yes,smt,,,,,,,,,,,
"R17, R22, R26",3,12K,R_0402_1005Metric,,,,smt,,,,,,,,,,,
R18,1,0,R_0402_1005Metric,,,,smt,,,,,,,,,,,
R19,1,12K,R_0402_1005Metric,,,Yes,smt,,,,,,,,,,,
R20,1,560,R_0402_1005Metric,,,,smt,,,,,,,,,,,
R23,1,1k,R_0402_1005Metric,,,Yes,smt,,,,,,,,,,,
R24,1,200,R_0402_1005Metric,,,,smt,,,,,,,,,,,
"R27, R30, R35",3,100,R_0402_1005Metric,,,,smt,,Resistor,,,,,,,,,
R28,1,15k,R_0402_1005Metric,,,,smt,,,,,,,,,,,
"R31, R32",2,1.5K,R_0402_1005Metric,,,,smt,,Resistor,,,,,,,,,
R33,1,4.7K,R_0402_1005Metric,,,,smt,,Resistor,,,,,,,,,
R37,1,470,R_0402_1005Metric,,,,smt,,Resistor,,,,,,,,,
R38,1,30.1K,R_0402_1005Metric,,,,smt,,Resistor,,,,,,,,,
R39,1,5.23K,R_0402_1005Metric,,,,smt,,Resistor,,,,,,,,,
R42,1,10m,R_0402_1005Metric,,,,smt,,Resistor,,,,,,,,,
R43,1,DNP,R_0402_1005Metric,,,Yes,smt,,Resistor,,,,,,,,,
"R44, R45",2,1.5,R_0402_1005Metric,,,,smt,,Resistor,,,,,,,,,
"R46, R47",2,3.3,R_0402_1005Metric,,,,smt,,Resistor,,,,,,,,,
"R48, R49",2,100K,R_0402_1005Metric,,,,smt,,Resistor,,,,,,,,,
"SW1, SW2",2,SW_Push,SW_SPST_CK_RS282G05A3,,,,smt,,"Push button switch, generic, two pins",,,,,,,,,
SW3,1,SKRTLAE010,KEY-SMD_SKRTLAE010,,,,smt,C110293,,,,,,,,,,
"TP1, TP2, TP3",3,TestPoint,TestPoint_Pad_1.5x1.5mm,,,,tht,,test point,,,,,,,,,
U1,1,STM32WB55RGV6TR,QFN-68-1EP_8x8mm_P0.4mm_EP6.4x6.4mm,,,,smt,,"STMicroelectronics Arm Cortex-M4 MCU, 1024KB flash, 256KB RAM, 64 MHz, 1.71-3.6V, 49 GPIO, VFQFPN68",,,,,,,,,
"U10, U11, U12, U7, U8, U9",6,74HC4051,TSSOP-16_4.4x5mm_P0.65mm,,,,smt,,,,,,,,,,,
U13,1,SN74LV1T125DCKR,SC-70-5_L2.1-W1.3-P0.65-LS2.1-TL,,,,smt,C75925,,,,,,,,,,
U14,1,USBLC6-2P6,SOT-666,,,,smt,,"Very low capacitance ESD protection diode, 2 data-line, SOT-666",,,,,,,,,
U15,1,FAN48610BUC50X,WLCSP-9_L1.2-W1.2-R3-C3-P0.40-BL,,,,smt,C890711,,,,,,,,,,
U2,1,~,QFN-24_L4.0-W4.0-P0.50-TL-EP2.7,,,,smt,,,,,BQ25896RTWR,TI(德州仪器),C181475,LCSC,BQ25896RTWR,,
U3,1,~,SOT-23-3_L2.9-W1.6-P1.90-LS2.8-BR,,,,smt,,Output Type:Fixed Voltage - Supply:7.5V Output Voltage:3.3V Output Voltage:3.3V Output Current:200mA Power Supply Rejection Ratio (PSRR):48dB@(217Hz) Features:ESD Protection；Low ESR；Thermal Protection(TSD)；Overcurrent Protection(OCP)；With ability Operatin,,,RS3221-3.3YF3,RUNIC(润石),C2762323,LCSC,RS3221-3.3YF3,,
U4,1,~,DSBGA-9_L1.7-W1.6-R3-C3-P0.50-BL,,,,smt,,The Chip Type:电池监测芯片 Type of Battery:锂离子/Polymer Number of Cells:1 Number of Cells:1 Operating Temperature:-40°C~+85°C Operating Temperature:-40°C~+85°C,,,BQ27220YZFR,TI(德州仪器),C528617,LCSC,BQ27220YZFR,,
U5,1,~,DSBGA-6_L1.4-W1.1-R3-C2-P0.40-BL,,,,smt,,Function:Step-down type Output Type:Fixed Input Voltage:3V~5.5V Input Voltage:3V~5.5V Output Voltage:3.3V Output Voltage:3.3V Output Current:1.2A Switching Frequency:6MHz Switching Frequency:6MHz Operating Temperature:-30°C~+90°C Operating Temperature:-30°C~,,,LM3281YFQR,TI(德州仪器),C2070970,LCSC,"3.3V,1.2A,6MHz微型降压DC-DC转换器",,
U6,1,COS8054TR,TSSOP-14_4.4x5mm_P0.65mm,,,,smt,,Quad operational amplifier,SUBCKT,1=out1 2=in1- 3=in1+ 4=vcc 5=in2+ 6=in2- 7=out2 8=out3 9=in3- 10=in3+ 11=vee 12=in4+ 13=in4- 14=out4,,,,,,${KICAD7_SYMBOL_DIR}/Simulation_SPICE.sp,kicad_builtin_opamp_quad
USB1,1,TYPE-C 16PIN 2MD(073),USB-C-SMD_TYPE-C-6PIN-2MD-073,,,,smt,C2765186,,,,,,,,,,
X1,1,XL7EL89CKI-111YLC-32M,CRYSTAL-SMD_4P-L2.0-W1.6-BL,,,,smt,C2965582,,,,,,,,,,
X2,1,FC-12M32.768KHZ7PF20PPM,FC-12M_L2.0-W1.2,,,,smt,C99009,,,,,,,,,,
